{
  "recall@10": 0.641,
  "ndcg@10": 0.4747257825726566,
  "final_loss": 0.1031648875481781
}